domain,exclude
Transportation worker talks to passenger in order to check their ticket or pass.,1
Tourist talks to local business owner in order to learn about cultural events.,1
Club promoter talks to attendee in order to sell tickets to an event.,1
Tourist talks to local in order to receive recommendations for restaurants.,1
Passenger talks to train conductor in order to receive assistance boarding or finding their seat,1
Tourist talks to concierge in order to book activities or tours,1
Customer talks to hotel front desk in order to book room,1
Hostess talks to diners in order to seat them at a restaurant,1
Hotel guest talks to concierge in order to book a restaurant reservation.,1
Tour operator talks to travel agent in order to market tours effectively.,1
Travel agent talks to hotel employee in order to reserve a room,1
Travel blogger talks to tour guide in order to write about a travel experience,1
Tour guide talks to group in order to provide information about a site.,1
Passenger talks to ticket agent in order to book a seat on a train.,1
Travel blogger talks to airport staff in order to provide travel tips and recommendations for tourists.,1
Travel journalist talks to local community members in order to provide travel recommendations and tips.,1
Ticket vendor talks to customer in order to sell admission tickets.,1
Tour guide talks to restaurant to make a reservation,1
Customer talks to travel agent in order to book a vacation.,1
Concierge talks to guest in order to provide recommendations for local attractions.,1
Tourist talks to travel blogger in order to get recommendations for restaurants.,1
Tourist talks to ticket agent in order to purchase admission to an attraction.,1
Passenger talks to taxi driver in order to give directions,1
Travel blogger talks to local in order to recommend hidden gems,1
Driver talks to passenger in order to navigate.,1
Tourist talks to tour guide in order to learn about a city's history.,1
Customer talks to hotel clerk in order to check in,1
Customer talks to restaurant hostess in order to request a table reservation,1
Tour operator talks to hotel staff in order to arrange accommodations.,1
Tour guide talks to business owner in order to schedule a group tour,1
Passenger talks to train conductor in order to ask about arrival times.,1
Tourist talks to transportation services in order to arrange for travel.,1
Travel blogger talks to tourism board representative in order to coordinate travel arrangements,1
Ticket agent talks to passenger in order to issue a boarding pass,1
Homeowner talks to plumber in order to fix a leaky faucet.,0
Patient talks to pharmacist in order to fill a prescription.,0
Customer talks to representative in order to ask for a refund.,0
Candidate talks to campaign manager in order to plan their campaign.,0
Pediatrician talks to parent in order to provide information about child development,0
Customer talks to sales representative in order to learn about a product.,0
Podiatrist talks to patient in order to diagnose foot conditions.,0
Stage actor talks to fellow actor in order to rehearse their lines,0
Parent talks to pediatric dentist in order to receive dental care for their child,0
Court reporter talks to attorney in order to transcribe a trial.,0
Parent talks to college admissions counselor in order to learn about a prospective school.,0
Traveler talks to customs officer in order to pass through security,0
Social media manager talks to coworker in order to plan a social media campaign,0
Politician talks to media in order to give a press conference.,0
Boxer talks to coach in order to strategize for a fight.,0
Contractor talks to client to provide an estimate for a job,0
Expert talks to novice in order to teach a new skill.,0
Parent talks to school principal in order to volunteer as a classroom assistant,0
Homeowner talks to repairman in order to fix a broken household item.,0
Business owner talks to accountant in order to manage finances.,0
User talks to support agent in order to solve a software issue,0
Host talks to DJ in order to create a playlist for a party.,0
Patient talks to surgeon in order to schedule a procedure,0
Motivational speaker talks to audience in order to inspire them,0
Employee talks to payroll manager in order to resolve payroll issues,0
Feng shui expert talks to client in order to create a harmonious living space,0
Shopper talks to personal banker in order to open a checking account.,0
Utility company representative talks to customer in order to verify account information.,0
Public speaking coach talks to client in order to help them prepare for a speaking engagement,0
Driver talks to parking enforcement officer in order to dispute a parking ticket.,0
Personal assistant talks to employer in order to receive task assignments.,0
School counselor talks to student in order to provide emotional support,0
Actor talks to audience member in order to sign autographs,0
Chef talks to waiter in order to finalize menu selections,0
Young adult talks to parents in order to ask for financial support,0
Science fiction author talks to fan in order to discuss favorite books and stories.,0
Magazine editor talks to writer in order to edit their piece.,0
Entertainer talks to audience in order to perform and entertain them,0
Employee talks to manager in order to request a change in work schedule.,0
Coach talks to recruiter in order to find new players for a team.,0
Screenwriter talks to director in order to collaborate on screenplay development and production,0
Employee talks to coworker in order to resolve a conflict,0
Sales manager talks to sales team member in order to track sales progress,0
Customer service representative talks to supplier in order to track an order,0
Scout leader talks to scouts in order to provide instruction on camping and survival skills,0
Scientist talks to lab technician to request tests,0
Accountant talks to client in order to provide financial planning and advice,0
Community organizer talks to members of the community in order to mobilize action,0
Employee talks to HR manager in order to request time off.,0
Driver talks to gas station attendant in order to pay for gasoline.,0
Reiki practitioner talks to client in order to provide energy healing.,0
Busboy talks to waiter in order to communicate the restaurant's needs for clean dishes and table setup,0
Driver talks to DMV worker in order to renew their driver's license.,0
Reader talks to librarian in order to check out a book.,0
Engineering manager talks to engineer in order to discuss project progress,0
Writer talks to editor in order to revise and refine their work,0
Contractor talks to architect to review building plans,0
Chef talks to server in order to provide instructions for a customer's meal,0
Musician talks to audience member in order to promote a show,0
Construction worker talks to supervisor in order to review building plans,0
Voter talks to poll worker in order to cast their ballot.,0
Job seeker talks to career counselor in order to find their ideal job.,0
Employee talks to boss in order to request a shift change,0
Lawyer talks to opposing counsel in order to negotiate a settlement,0
Volunteer talks to organizer in order to sign up for community service.,0
Customer talks to customer service representative in order to address a complaint.,0
Garden center employee talks to customer in order to recommend plants,0
Customer talks to help desk representative about an internet issue.,0
Customer talks to call center representative in order to request a service or product,0
Coworker talks to vendor in order to order office supplies.,0
Book editor talks to author in order to provide suggestions on a manuscript,0
Web developer talks to client in order to create a website,0
Advocate talks to politician in order to push for social change.,0
Interpreter talks to foreign diplomat in order to facilitate communication.,0
Event attendee talks to other attendees in order to network,0
Digital marketer talks to client in order to develop a digital marketing plan,0
Employee talks to a retirement consultant about retirement opportunities.,0
Arbitrator talks to both parties in order to resolve a dispute.,0
Club member talks to club chair to give an idea for fundraiser,0
Nanny talks to child in order to provide childcare services,0
Cosplayer talks to fellow cosplayer in order to show off their costume,0
Worker talks to co-worker in order to share information about a project.,0
Shoe salesman talks to customer in order to assist with shoe selection.,0
Florist talks to customer in order to design a floral arrangement,0
Principal talks to teacher in order to manage curriculum and student progress,0
Politician talks to voter in order to campaign for election.,0
Employee talks to boss in order to ask for an increase in pay.,0
Groundskeeper talks to resident in order to discuss lawn care needs,0
Dog owner talks to dog walker in order to give instructions for the walk.,0
Umpire talks to team captains in order to start a game,0
Job candidate talks to potential employer in order to negotiate salary.,0
Marketing manager talks to internal team in order to plan a trade show exhibit,0
App store developer talks to client in order to create an app for their business,0
Golfer talks to caddy in order to choose clubs,0
Teacher talks to co-teacher in order to coordinate lesson plans.,0
Clothing store employee talks to customer in order to help them find the right size,0
Boss talks to executive to make a decision,0
Firefighter talks to comrade in order to coordinate firefighting efforts,0
Event coordinator talks to sponsor in order to secure funding for an event,0
Choir member talks to conductor in order to rehearse for a performance.,0
CEO talks to shareholders in order to present financial reports,0
Employee talks to co-worker in order to request a favor.,0
Employee talks to union representative in order to address a workplace issue.,0
Client talks to marketer in order to develop advertising campaign.,0
Waiter talks to chef to modify an order,0
Presenter talks to Q&A panelists to ask a question on behalf of the audience,0
Contractor talks to client in order to discuss project details,0
Coach talks to referee in order to contest a call,0
Flight attendant talks to pilot in order to discuss flight procedures.,0
Employee talks to co-worker in order to ask for feedback on a presentation.,0
Architect talks to client in order to design and plan buildings and structures,0
Health enthusiast talks to personal trainer in order to work on fitness goals.,0
Football referee talks to team captains in order to explain game rules,0
Salesperson talks to customer in order to explain product features and benefits and close a sale,0
Retail employee talks to loss prevention in order to report theft,0
Musician talks to bandmate in order to practice and perform together,0
Animal lover talks to breeder in order to select a pet,0
Cosmetologist talks to client in order to apply makeup.,0
Masonry worker talks to supervisor in order to receive instructions for building a structure.,0
Patient talks to dentist in order to get a teeth cleaning.,0
Family member talks to another family member in order to discuss family matters,0
Costume designer talks to director in order to design and create costumes for film and theatre productions,0
Magician talks to audience member in order to perform a trick.,0
Wedding planner talks to vendor in order to coordinate wedding details,0
Artist talks to buyer in order to negotiate the sale of their artwork,0
Editor talks to writer in order to discuss upcoming assignments.,0
Sewing instructor talks to student in order to provide sewing lessons,0
Passenger talks to TSA agent in order to go through airport security,0
Coach talks to opponent coach in order to schedule a game.,0
Auction host talks to attendees in order to bid on items,0
Client talks to public relations manager in order to address press-related issues.,0
CEO talks to public relations specialist about company branding.,0
Job applicant talks to receptionist in order to check in for an interview,0
Wedding blogger talks to bride and groom in order to provide wedding tips,0
Employee talks to colleague in order to brainstorm new ideas for the company.,0
Notary talks to client in order to witness signatures,0
Homeowner talks to insurance agent in order to file a claim,0
Parent talks to tutor in order to set up tutoring sessions for their child.,0
Politician talks to constituents in order to address their concerns,0
Real estate agent talks to appraiser in order to determine a property's value,0
Customer talks to insurance agent in order to sign up for insurance.,0
Speaker talks to event planner in order to coordinate logistics,0
Passenger talks to gate agent in order to check in for a flight,0
Ghostwriter talks to author in order to write a book,0
Gamer talks to fellow gamer in order to coordinate strategy.,0
Employee talks to HR representative in order to update personal information,0
Journalist talks to editor to pitch a story,0
Social activist talks to community members in order to raise awareness and advocate for social justice causes.,0
Coach talks to scout to review an opposing team,0
Stage performer talks to producer in order to discuss a performance schedule.,0
Customer talks to sommelier in order to select a wine,0
Entrepreneur talks to business partner in order to discuss company growth strategies,0
Chef talks to farmer in order to purchase ingredients,0
Passenger talks to flight attendant in order to request a drink,0
Job seeker talks to resume writer in order to improve their resume,0
Personal finance coach talks to client in order to advise on money budgeting.,0
Customer talks to representative in order to cancel a subscription.,0
Nursing home worker talks to elderly resident in order to provide care,0
Salesperson talks to prospective customer in order to follow up on a lead,0
Piano instructor talks to student in order to instruct on piano playing techniques,0
Nutritionist talks to client in order to develop a meal plan that meets their dietary needs,0
Host talks to guest in order to welcome them to a party.,0
Fundraiser talks to donor in order to solicit and receive donations for charitable organizations,0
Firefighter talks to other firefighters in order to put out fires.,0
Parent talks to babysitter in order to leave instructions for their child.,0
Coworker talks to safety representative in order to report a workplace hazard.,0
Participant talks to moderator in order to ask a question during a session.,0
Referee/umpire talks to players and coaches in order to make rulings and enforce rules of a game,0
Parking attendant talks to driver in order to direct them to a parking spot.,0
Virtual assistant talks to employer in order to manage their virtual tasks,0
English language learner talks to tutor in order to improve speaking skills.,0
STEM educator talks to student in order to teach them about coding.,0
Salesperson talks to distributor in order to set up a distribution agreement,0
Attendee talks to speaker in order to say thank you after a presentation.,0
Musician talks to booking agent in order to schedule a gig,0
Celebrity personal assistant talks to celebrity in order to manage their daily tasks,0
Graphic designer talks to client in order to design a custom logo,0
Manager talks to employee in order to provide performance feedback.,0
Real estate developer talks to city officials in order to obtain building permits.,0
Receptionist talks to client in order to provide information about office policies,0
Magician talks to assistant in order to coordinate illusions.,0
Actor talks to scriptwriter in order to ask for clarification on a scene.,0
Judge talks to bailiff in order to instruct court procedures.,0
Dentist talks to insurance adjuster in order to find out what procedures are covered,0
Team member talks to manager in order to provide progress updates.,0
Teacher talks to student in order to give them instructions for the lesson,0
Chiropractor talks to patient in order to diagnose and treat muscle and bone issues,0
Employer talks to employee in order to negotiate benefits,0
Insurance adjuster talks to claimant in order to determine the proper coverage for a claim.,0
Student talks to teacher in order to ask a question about homework.,0
Gardener talks to landscaper in order to swap gardening tips,0
Wedding photographer talks to wedding planner in order to coordinate photo opportunities for an event.,0
Translator talks to client in order to translate a document into a different language,0
Museum director talks to tour guide in order to plan a gallery tour,0
Customer talks to telephone operator in order to make a long-distance call,0
Store clerk talks to shopper in order to assist with finding products,0
Plumbing technician talks to client in order to understand plumbing issues,0
Archaeologist talks to colleagues in order to research and uncover historical artifacts,0
Waiter talks to customer to sing happy birthday,0
Truck driver talks to dispatcher in order to receive delivery instructions,0
Friend talks to friend in order to arrange a social gathering,0
Barista talks to customer in order to take their coffee order,0
Scout talks to athlete in order to evaluate their skills,0
Film director talks to editor in order to finalize a movie.,0
Textbook author talks to editor in order to prepare a manuscript for publication.,0
Inventor talks to patent attorney in order to file a patent for their invention,0
Auctioneer talks to bidders in order to sell an item,0
Esthetician talks to manager to report a customer complaint,0
Pet store employee talks to customer in order to provide pet care advice and sell pet products,0
Children's author talks to illustrator in order to collaborate on book projects,0
Job coordinator talks to employee in order to assign work tasks,0
Hair stylist talks to makeup artist in order to coordinate styling.,0
Beauty consultant talks to customer in order to provide makeup or skincare advice,0
Photographer talks to subject in order to capture their image,0
Human resources representative talks to new employee in order to conduct onboarding.,0
Customer talks to tailor in order to alter clothing,0
Tour guide talks to coworker in order to coordinate group activities.,0
Patient talks to audiologist in order to receive hearing treatment.,0
Architect talks to builder in order to plan construction of a building,0
Parent talks to neighbor in order to arrange a playdate for their children.,0
House guest talks to host in order to ask for additional bedding.,0
Caregiver talks to disabled person in order to assist with daily tasks,0
Employee talks to company representative in order to negotiate a severance package,0
Employee talks to coworker in order to ask for a referral for a job opportunity.,0
Executive talks to shareholder in order to explain financial performance.,0
Fiction writer talks to publisher in order to discuss publishing their book,0
Customer talks to customer service representative in order to report lost or stolen card,0
Linguist talks to foreign language learner in order to teach language skills,0
Environmentalist talks to community in order to promote conservation.,0
Job seeker talks to recruiter in order to discuss job opportunities.,0
Interpreter talks to client in order to help them communicate with someone who speaks a different language,0
Property manager talks to tenant in order to schedule maintenance.,0
Teacher talks to librarian about book selection for a class.,0
Personal shopper talks to client in order to find them the perfect outfit,0
Employee talks to marketing specialist in order to approve advertising campaign,0
Neighbor talks to neighbor in order to form a block watch program,0
Mentor talks to mentee in order to provide guidance,0
Car rental agent talks to customer in order to rent a car.,0
Health insurance specialist talks to healthcare provider in order to resolve billing or coverage issues.,0
Parent talks to therapist in order to seek treatment for their child's emotional issues.,0
Patient talks to genetic counselor in order to understand hereditary risks.,0
Passenger talks to bus driver in order to request a stop.,0
Cashier talks to security to report a theft,0
Sound engineer talks to producer in order to record and produce music and sound projects,0
Shop owner talks to suppliers about product inventory.,0
Plant biologist talks to colleagues in order to research and analyze plant life and growth,0
Orchestra conductor talks to musicians in order to direct and lead musical performances,0
Employee talks to payroll specialist in order to check pay stubs.,0
High school student talks to guidance counselor in order to discuss college options,0
Employee talks to payroll manager in order to enroll in a 401k plan.,0
Private investigator talks to client in order to conduct an investigation,0
Child talks to parent in order to ask for permission,0
Customer talks to sales representative in order to purchase a car.,0
Cashier talks to manager in order to request a price check,0
Cashier talks to supervisor to seek approval for a discount,0
Landlord talks to tenant in order to address a maintenance issue,0
Executive talks to board member in order to discuss company strategy,0
Dentist talks to hygienist in order to coordinate dental procedures,0
Restaurant owner talks to chef in order to plan seasonal menus.,0
Passerby talks to police officer in order to report a crime.,0
Human resources talks to employee in order to schedule work hours.,0
Restaurant manager talks to server in order to assign tables,0
Coworker talks to HR representative in order to request a leave of absence.,0
Postman talks to homeowner in order to deliver mail.,0
Acting coach talks to actor in order to prepare them for a role,0
CEO talks to board of directors in order to present quarterly results,0
Airbnb host talks to guest in order to welcome them and provide information about the property,0
Employer talks to prospective employee in order to conduct a job interview.,0
Golf instructor talks to student in order to teach them how to play golf,0
Retail worker talks to a customer about product knowledge.,0
Host talks to vendor in order to arrange services.,0
Esthetician talks to client to provide a skincare treatment,0
Friend talks to friend in order to catch up on life events.,0
Employee talks to a hiring manager about job opportunities.,0
Fisherman talks to colleague in order to coordinate fishing equipment and operations,0
Parent talks to pediatrician in order to schedule vaccinations.,0
Event coordinator talks to performer in order to make staging arrangements.,0
Interior designer talks to client in order to design a space that meets their needs,0
Homeowner talks to landscaper in order to plant new flowers.,0
Employee talks to recruiter in order to find freelance or gig work,0
Horticulturist talks to clients in order to provide plant and garden landscape advice,0
Substance abuse counselor talks to patients in order to provide addiction counseling and support,0
Blogger talks to editor in order to submit an article for publication,0
Student talks to professor in order to ask for an extension on an assignment.,0
Traffic director talks to drivers in order to manage traffic flow and congestion,0
Salesperson talks to manager in order to discuss sales goals,0
Legal assistant talks to client in order to assist with legal paperwork,0
Restaurateur talks to restaurant staff in order to manage restaurant operations,0
Referee talks to linesman to confirm a call,0
Childbirth instructor talks to pregnant woman in order to provide childbirth education.,0
Police officer talks to dispatcher to request backup.,0
Home health aide talks to patient in order to provide assistance with daily living activities,0
Librarian talks to colleague to recommend a book,0
Participant talks to facilitator in order to contribute to a meeting.,0
Surveyor talks to landowner in order to assess land value.,0
Choir member talks to fellow member in order to harmonize together.,0
Salesperson talks to manufacturer in order to place an order for goods to sell in their store,0
Parent talks to nurse in order to inquire about child's medical health.,0
Construction worker talks to project manager in order to understand their job duties and tasks,0
Environmentalist talks to city council member in order to advocate for green initiatives,0
Human resources manager talks to new hire in order to conduct orientation.,0
Volunteer talks to event sponsor in order to thank them for their support,0
Camp counselor talks to camper in order to plan activities,0
Mail carrier talks to resident in order to deliver mail.,0
Customer talks to airline representative in order to book a flight.,0
Taxidermist talks to customer in order to discuss the details of their taxidermy request,0
Mover talks to customer in order to move their belongings,0
Performer talks to stage crew in order to coordinate a show,0
Restaurant manager talks to kitchen staff in order to coordinate orders and manage inventory,0
Parent talks to athletic coach in order to learn about a team's schedule.,0
"Customer talks to ""geek squad"" specialist in order to troubleshoot a computer issue",0
Service person talks to customer in order to negotiate a mutually beneficial deal,0
Employee talks to a counselor about workplace stress management.,0
Event planner talks to entertainment provider in order to book a performer,0
Parent talks to child in order to provide guidance,0
Salesperson talks to customer in order to make a sale.,0
Professor talks to department chair in order to discuss research funding.,0
Bicyclist talks to pedestrian in order to navigate a crowded bike path,0
Freelancer talks to client in order to negotiate a contract.,0
Student talks to enrollment advisor in order to apply to college,0
Public figure talks to publicist in order to manage their public image,0
Driver talks to a tow truck operator for roadside assistance.,0
Business owner talks to potential investor in order to secure funding.,0
Customer talks to manager in order to escalate a concern,0
NGO representative talks to local resident in order to provide aid,0
Hotline worker talks to callers in order to provide support for mental health.,0
Dance instructor talks to student in order to teach them a dance routine.,0
Investor talks to financial advisor in order to discuss investment opportunities.,0
Receptionist talks to patient to collect insurance information,0
Personal shopper talks to bride in order to select a wedding dress.,0
Financial analyst talks to investment banker in order to evaluate investment opportunities,0
Cultural anthropologist talks to research subjects in order to study and understand cultural practices and traditions,0
Business analyst talks to executive in order to analyze business strategy,0
Mechanic talks to parts supplier in order to order parts for a repair,0
Teacher talks to student in order to discuss the latterâ€™s weak points in learning,0
Parent talks to daycare provider in order to pick up their child.,0
Web developer talks to designer in order to implement web design layouts and features,0
Human resources manager talks to executive in order to develop a company policy,0
Coach talks to player in order to motivate them to perform their best during a competition,0
Research assistant talks to lead researcher in order to provide research support.,0
Firefighter talks to bystander to identify a fire hazard,0
Stylist talks to model in order to dress them for a photoshoot,0
Homeless shelter staff member talks to client in order to understand their needs.,0
Musician talks to bandmate in order to plan a setlist,0
Marriage counselor talks to couple in order to improve their relationship,0
Scientist talks to colleague in order to collaborate on research,0
Clinical research associate talks to study coordinator in order to implement a clinical trial.,0
Flight attendant talks to passenger in order to calm them during turbulence,0
Software developer talks to quality assurance tester in order to improve software performance,0
Realtor talks to client in order to show them a property,0
Customer talks to live chat representative in order to request assistance on a website.,0
Roadside assistance operator talks to driver in order to assist them with car trouble,0
UX designer talks to user in order to determine user experience preferences,0
Pest control worker talks to homeowner in order to assess and treat pest infestation.,0
Furniture salesperson talks to customer in order to sell furniture,0
Food truck operator talks to hungry customer in order to take their order,0
Parent talks to a music teacher about the child's musical development.,0
Telemarketer talks to prospective customer in order to pitch a product,0
Retail worker talks to store manager in order to report a problem.,0
Healthcare provider talks to patient in order to discuss a treatment plan.,0
Coach talks to athlete in order to give post-game feedback.,0
Customer talks to account manager in order to close account,0
Homeowner talks to window cleaner in order to clean windows.,0
Customer talks to warranty representative in order to seek assistance with a product issue,0
Student talks to advisor in order to choose classes for the upcoming semester.,0
Journalist talks to source in order to gather information for a news story,0
Marketing professional talks to colleague in order to develop a marketing strategy,0
Real estate agent talks to seller to set a price for a property,0
Air traffic controller talks to pilot in order to navigate planes safely,0
Web content writer talks to client in order to research and write content for a website,0
Boss talks to employee in order to delegate work tasks,0
Boss talks to HR to hire a new employee,0
Expert talks to journalist in order to provide insight or analysis on a topic,0
Actor talks to makeup artist in order to get ready for a performance.,0
Actor talks to director in order to receive feedback on performance.,0
Lawyer talks to witness in order to gather evidence for a legal case,0
Accountant talks to client in order to review their tax documents.,0
Employee talks to peer in order to get feedback on a project.,0
Coach talks to team captain in order to discuss team strategy.,0
Production manager talks to factory worker in order to coordinate manufacturing tasks.,0
Recruitment consultant talks to job candidate in order to help them find employment opportunities.,0
Significant other talks to partner in order to make plans for the future.,0
Renter talks to real estate agent in order to find a new place to live,0
Landscaper talks to architect in order to plan outdoor spaces for a building,0
Marketing manager talks to team member in order to discuss marketing campaign strategies.,0
Solicitor talks to potential client in order to offer legal services.,0
Receptionist talks to visiting client in order to check them in,0
Office manager talks to maintenance worker in order to fix a broken fixture,0
Personal relocator talks to client in order to plan and coordinate moving services and relocation efforts,0
Environmental scientist talks to government officials in order to discuss environmental policies and regulations.,0
Scientist talks to lab partner in order to conduct an experiment,0
Biomedical researcher talks to medical professionals in order to report and present research findings,0
Recruiter talks to job candidate in order to conduct a pre-screening,0
Hairdresser talks to apprentice in order to teach new techniques,0
Oncologist talks to patient in order to provide cancer treatment and support services,0
Tattoo artist talks to client in order to design and apply custom tattoos,0
Engineer talks to manufacturer in order to create a product design.,0
Hospital administrator talks to medical staff in order to manage patient care.,0
Driver talks to police officer in order to report a driving incident.,0
Electrician talks to architect in order to discuss wiring plans for a building,0
Cake decorator talks to customer in order to plan a cake design,0
Researcher talks to participant in order to collect data for a study.,0
Trainer talks to animal handler in order to work with animals in a zoo,0
Postman talks to colleague to coordinate deliveries,0
Food critic talks to chef and restaurant staff in order to review and critique dining experiences,0
Member talks to gym staff in order to sign up for a fitness class.,0
Boss talks to employee in order to assign tasks for the day.,0
Carpenter talks to contractor in order to receive instructions for building a structure.,0
Firefighter talks to property owner in order to assess and contain fires,0
App developer talks to user in order to troubleshoot technical issues,0
Fortune teller talks to client in order to provide a fortune prediction.,0
Museum archivist talks to researcher in order to provide historical information,0
Patient talks to mental health professional in order to seek therapy.,0
Marketing specialist talks to graphic designer in order to create an advertisement.,0
Co-worker talks to supervisor in order to ask for a day off,0
Museum curator talks to researcher in order to plan and coordinate exhibits and collections,0
Museum docent talks to guest in order to give a tour,0
Pizza delivery person talks to customer in order to confirm address,0
Restaurant manager talks to supplier in order to order ingredients,0
Team leader talks to team members in order to assign tasks,0
Volunteer talks to supervisor in order to receive instructions for their shift.,0
Friend talks to friend in order to catch up and maintain a relationship,0
Bank representative talks to client about investment opportunities.,0
Builder talks to environmental engineer in order to ensure that construction projects are environmentally responsible,0
Teacher talks to parent in order to schedule parent-teacher conference,0
Fitness blogger talks to subscribers in order to provide workout tips,0
Outdoor guide talks to group members in order to lead an adventure activity,0
Banquet manager talks to server in order to coordinate a banquet event.,0
Student talks to tutor in order to receive academic assistance,0
Product brand manager talks to advertising team in order to develop and produce marketing campaigns for new products,0
Stock trader talks to colleague in order to discuss market trends,0
New coworkers talk to each other in order to introduce themselves,0
Geologist talks to mining company representative in order to plan mining operations,0
Coach talks to team in order to give a pep talk before a game,0
Chef talks to sous chef in order to coordinate meal preparation,0
Teacher talks to principal in order to discuss a school-wide issue.,0
Volunteer talks to coordinator in order to receive instructions on task.,0
Construction worker talks to subcontractor in order to coordinate construction tasks,0
Teacher talks to administrator in order to request supplies for their classroom,0
Blogger talks to other bloggers in order to collaborate on blog content.,0
Football coach talks to football player in order to give strategy for upcoming game,0
Coach talks to nutritionist in order to create a team meal plan.,0
Ski instructor talks to students in order to teach skiing techniques,0
Military officer talks to soldier in order to give military orders,0
Environmental activist talks to business owner in order to suggest sustainable business practices.,0
Soccer player talks to teammate in order to set up a play.,0
Customer talks to store associate in order to return a product.,0
Dentist talks to dental assistant in order to assist with a procedure,0
Employee talks to client in order to discuss a project timeline.,0
Maintenance worker talks to tenant in order to fix a broken appliance,0
Office manager talks to employee in order to assign office tasks,0
Friend talks to friend in order to give a gift.,0
Career coach talks to client in order to provide career advice,0
Musician talks to sound technician in order to adjust levels,0
Hair stylist talks to client in order to style their hair,0
Wine critic talks to winemaker in order to write a review,0
Voice coach talks to singer in order to improve their singing voice,0
Employee talks to coworker in order to report a coworker's misconduct.,0
Moderator talks to panelists in order to facilitate a discussion,0
Sales manager talks to sales team in order to review performance,0
Makeup artist talks to client in order to apply makeup for special events or photo shoots,0
Human resources representative talk to employee in order to conduct performance review,0
Chef talks to prep cook in order to delegate tasks,0
Retail worker talks to manager in order to receive employee discounts on various products,0
Parent talks to teacher about afterschool programs.,0
Television viewer talks to customer service representative in order to confirm their cable subscription.,0
Immigration officer talks to immigrant in order to process immigration documents and applications,0
Carpenter talks to customer in order to design custom woodworking projects,0
Customer talks to representative in order to return a defective item.,0
ESL teacher talks to student in order to teach English.,0
Plant nursery owner talks to customer in order to sell potted plants.,0
Employee talks to a benefits representative regarding disability benefits.,0
Historian talks to researcher in order to assist with historical research and projects,0
Developer talks to project manager in order to discuss project requirements.,0
Customer talks to bank representative in order to review account balance,0
Musician talks to recording producer in order to discuss studio sessions.,0
Administrative assistant talks to coworker in order to schedule a meeting,0
Lifeguard talks to pool-goer in order to enforce safety rules,0
Hiking guide talks to hikers in order to provide trail information and safety precautions,0
Co-worker talks to manager in order to voice concerns about workplace environment.,0
Immigration lawyer talks to client in order to help them obtain a visa,0
Homeowner talks to exterminator in order to rid home of pests.,0
Driver talks to toll booth operator in order to pay tolls.,0
Diversity trainer talks to participants in order to facilitate discussions and trainings on inclusion and diversity issues,0
Tour guide talks to driver to navigate a route,0
Hair stylist talks to bride in order to plan a wedding up-do,0
Golf coach talks to golfer in order to give swing advice,0
Photographer talks to model in order to take photos,0
Sales representative talks to purchasing agent in order to negotiate a price.,0
Siblings talk to each other in order to catch up on life events.,0
Utility company representative talks to homeowner in order to read a meter or inspect utility equipment,0
Realtor talks to seller in order to discuss home staging.,0
Maintenance worker talks to building administrator in order to address issues.,0
Entrepreneur talks to mentor in order to receive business advice.,0
Political strategist talks to politician in order to plan campaign strategy,0
Coach talks to scout in order to discuss potential recruits,0
Friend talks to friend in order to reminisce about a shared experience.,0
Volunteer talks to fellow volunteer in order to organize a charity event.,0
Child talks to friend to play a game,0
Film critic talks to director in order to write a movie review,0
Employee talks to supervisor in order to report a work-related problem.,0
Sales representative talks to account manager in order to discuss client's needs,0
College admissions officer talks to applicant in order to review application materials,0
Chef talks to line cook in order to coordinate orders,0
IT support talks to customer in order to explain how to use new software.,0
Graphic designer talks to printer in order to discuss printing specifications and delivery.,0
Public speaker talks to audience in order to sell a product or service.,0
Ensemble member talks to conductor in order to discuss a music performance,0
Producer talks to cast in order to direct a play.,0
Interviewee talks to interviewer in order to answer questions about their experience.,0
Tenant talks to landlord in order to give notice of moving out,0
Dog walker talks to client in order to coordinate pet care services,0
Intern talks to supervisor in order to receive feedback on tasks.,0
Friend talks to friend in order to apologize for miscommunication.,0
Engineer talks to contractor in order to plan and oversee construction projects,0
Employee talks to supervisor in order to request assistance on professional development,0
Physical therapist talks to medical doctor in order to coordinate care for a patient,0
Engineer talks to customer in order to understand their product needs,0
Sales manager talks to sales representative in order to provide feedback on sales calls.,0
IT help desk talks to employee in order to solve a computer issue,0
Humanitarian aid worker talks to refugee in order to provide shelter and food.,0
Marathon coach talks to clients in order to develop a training plan,0
Engineer talks to project manager about project deadlines.,0
Mechanic talks to customer in order to diagnose car problems,0
Stunt double talks to actor in order to rehearse a dangerous scene,0
IT support talks to user in order to troubleshoot tech problems,0
Attendee talks to presenter in order to ask questions during a lecture.,0
Food blogger talks to chef in order to write a restaurant review,0
Customer talks to art dealer in order to purchase artwork,0
Non-profit organization worker talks to donor in order to establish funding support,0
Patient talks to physician to inquire about prescription refills,0
Event organizer talks to vendor in order to secure supplies.,0
Set designer talks to production staff in order to design and construct theater sets,0
Event host talks to attendees in order to introduce the event.,0
Employers talk to a career counselor about workplace trends.,0
IT manager talks to system administrator in order to manage network and computer systems.,0
Restaurant owner talks to reviewer in order to receive feedback,0
Recycling center attendant talks to customer in order to accept and sort recycled materials,0
DJ talks to partygoer in order to take song requests,0
Landscaper talks to client in order to design a garden,0
Delivery person talks to recipient in order to obtain a signature for their package.,0
Barber talks to customer in order to cut their hair,0
Animal behaviorist talks to zookeeper in order to observe and analyze animal behavior patterns,0
Lawyer talks to jury consultant in order to review jury selection strategy,0
Speaker talks to audience member in order to answer a question.,0
Post office worker talks to customer in order to weigh their package,0
Student talks to college professor in order to discuss academic advising,0
Art director talks to graphic designer in order to create marketing materials,0
Friend talks to friend in order to console them after a loss.,0
Insurance adjuster talks to customer in order to assess damage,0
Aircraft mechanic talks to pilot in order to assess and repair plane issues,0
Social media influencer talks to their audience in order to build a following,0
Supply chain manager talks to supplier in order to coordinate product delivery and inventory management.,0
Diplomat talks to foreign official in order to discuss policy matters.,0
Self-employed individual talks to accountant in order to discuss taxes.,0
Roommate talks to roommate in order to discuss chores,0
Parent talks to speech therapist in order to develop child's speech skills.,0
Antique dealer talks to customer in order to appraise and negotiate a sale,0
Marketer talks to focus group in order to gather product feedback,0
Freelance writer talks to editor in order to pitch article ideas,0
Employee talks to payroll representative about direct deposit.,0
Event coordinator talks to vendors in order to arrange event services and supplies,0
Emergency response coordinator talks to disaster relief team in order to provide assistance,0
Teacher talks to substitute teacher in order to provide classroom coverage.,0
Teacher talks to student in order to provide feedback on an assignment,0
Creative writer talks to editor in order to develop a book,0
Music festival attendee talks to other attendees in order to plan their schedule,0
Homeowner talks to electrician in order to fix an electrical issue.,0
Counselor talks to support staff in order to coordinate client care,0
College admissions officer talks to high school student in order to provide campus tours and information.,0
Pet owner talks to veterinarian in order to schedule a check-up,0
Customer talks to cashier in order to purchase groceries.,0
Businessperson talks to colleague in order to network,0
Sales trainer talks to salespeople in order to provide training.,0
Shopper talks to sales associate in order to ask for size availability,0
Environmental engineer talks to colleagues in order to research and develop environmental solutions,0
Speaker talks to audience in order to deliver a speech,0
Professional organizer talks to client in order to organize their home or office,0
Organizer talks to participant in order to coordinate a community event,0
Therapist talks to family member in order to provide family therapy,0
Tenant talks to property manager in order to report a noise complaint,0
Customer talks to customer service in order to activate a new credit card.,0
Child talks to grandparents in order to catch up,0
Marketing specialist talks to focus group in order to gather data.,0
Customer talks to service technician in order to repair a broken appliance.,0
Customer talks to online chat representative in order to ask questions about a product,0
Volunteer talks to recipient in order to provide assistance.,0
Recruiting manager talks to new hires in order to onboard them.,0
Coworker talks to coworker in order to discuss a workplace policy.,0
Marine biologist talks to fellow researchers in order to research and monitor marine life and ecosystems,0
Volunteer talks to organization representative in order to coordinate volunteer work,0
CEO talks to potential investor in order to secure funding.,0
Homeowner talks to animal control officer in order to deal with a stray animal.,0
Golf blogger talks to subscribers in order to provide golf tips,0
Secretary talks to boss in order to schedule appointments.,0
Job seeker talks to networking contact in order to learn about job opportunities.,0
Lobbyist talks to politician in order to advocate for certain policies.,0
Account manager talks to customer in order to upsell a service.,0
Consultant talks to client in order to provide professional advice and guidance,0
Economist talks to government official in order to discuss policy decisions,0
Employee talks to human resources in order to discuss workplace harassment.,0
Customer talks to auto dealership finance manager in order to secure auto loan,0
Hedge fund manager talks to investor in order to manage investments,0
Nurse talks to biotech engineer in order to discuss medical device use,0
Librarian talks to patron in order to help them find a book,0
Restaurant manager talks to customer in order to address any issues or complaints,0
Homeowner talks to contractor in order to discuss remodeling plans.,0
Makeup effects artist talks to director in order to create and apply special effects makeup for film and TV,0
Talent agent talks to actor in order to develop a career plan.,0
Athlete talks to sports agent in order to negotiate a contract,0
Student talks to classmate in order to study for an exam.,0
Personal trainer talks to gym staff in order to reserve exercise equipment,0
Passenger talks to flight attendant in order to ask for an extra pillow.,0
Couple talks to wedding planner in order to plan their wedding.,0
Film director talks to crew in order to discuss the vision for a movie.,0
Project manager talks to stakeholders in order to provide updates,0
Employee talks to a wellness coordinator about employee wellness programs.,0
Professor talks to research assistant in order to assign research tasks,0
Speaker talks to interpreter in order to understand what the audience is saying.,0
Hiker talks to park ranger in order to obtain trail maps,0
Employee talks to manager in order to request a promotion.,0
Customer talks to grocery store clerk in order to ask for food recommendations,0
Speechwriter talks to politician in order to research and prepare speeches for public addresses,0
Receptionist talks to co-workers in order to relay office updates and information.,0
Co-worker talks to co-worker in order to coordinate schedules.,0
Crime victim talks to police in order to report a crime.,0
Volunteer talks to fellow volunteer in order to schedule shifts,0
Customer talks to customer service representative about a product return.,0
Music teacher talks to student in order to teach music theory and technique,0
Employee talks to coworker in order to plan a company retreat.,0
Job candidate talks to headhunter in order to discuss potential job opportunities,0
Account manager talks to client in order to discuss contract details,0
Parent talks to nutritionist in order to receive guidance on healthy eating for their family,0
Art teacher talks to student in order to guide them in creating art projects,0
Homeowner talks to painter in order to paint rooms inside house.,0
Parent talks to teacher in order to set up a meeting to discuss their child's progress.,0
Teacher talks to custodian in order to clean classroom after school hours.,0
Parent talks to school counselor in order to discuss a child's social development,0
Shopper talks to marketing team in order to get insights on product features.,0
Collector talks to debtor in order to collect a debt.,0
Baker talks to customer in order to design a custom cake,0
Passenger talks to airport security in order to pass through a checkpoint,0
Traveler talks to immigration officer in order to enter a country,0
Digital artist talks to client in order to create a digital art piece,0
CEO talks to top executives in order to plan company's goals for the year,0
Employee talks to IT specialist in order to troubleshoot a computer issue.,0
Shopper talks to store manager in order to request a refund.,0
Electrician talks to colleague in order to coordinate an installation,0
Youth talks to mentor in order to receive guidance and support,0
HVAC worker talks to homeowner in order to assess and fix heating or cooling issues.,0
Medical coder talks to insurance representative in order to process medical claims,0
Actor talks to producer in order to audition for a role,0
Receptionist talks to building maintenance in order to request repairs,0
Employee talks to boss in order to request additional vacation days.,0
Gas station attendant talks to customer in order to process a payment,0
Sales manager talks to sales team members in order to set sales targets.,0
Occupational therapist talks to client in order to provide therapy for daily living skills and job performance,0
Doctor talks to radiologist in order to interpret medical images.,0
House cleaner talks to client in order to understand their cleaning needs,0
Dispensary worker talks to customer in order to recommend a strain of marijuana,0
Retail associate talks to manager in order to restock shelves,0
Employee talks to supply chain manager in order to manage and track inventory,0
Survivor talks to counselor in order to receive support after traumatic event.,0
Life coach talks to client in order to provide life guidance,0
Neighbor talks to neighbor in order to borrow a tool.,0
Student talks to classmate in order to compare class notes,0
Fitness class instructor talks to class participants in order to instruct them on exercises.,0
Construction worker talks to foreman in order to receive a task assignment,0
Security guard talks to visitor in order to verify their identity and purpose for visit.,0
Radio host talks to listener in order to take calls live,0
Restaurant patron talks to server in order to order food.,0
Data analyst talks to client in order to understand their data needs.,0
Home inspector talks to homeowner in order to inspect a home for sale,0
Technical writer talks to software engineer in order to document software specifications,0
Coworker talks to mentor in order to receive guidance on career development.,0
Psychologist talks to colleague in order to receive peer review,0
Employee talks to benefits administrator about health care coverage.,0
Animator talks to creative director in order to discuss project vision,0
Musician talks to sound engineer in order to adjust their sound on stage.,0
Receptionist talks to client in order to schedule appointments,0
Customer talks to cable provider representative in order to upgrade services.,0
Bank teller talks to manager to authorize a loan,0
Recruitment consultant talks to employer in order to discuss open job positions,0
Customer talks to employee in order to make a return at a store.,0
Customer talks to bank teller in order to deposit or withdraw money.,0
Talent agent talks to employer in order to negotiate a contract,0
Passersby talk to firefighters in order to report a fire in the building,0
Executive talks to assistant in order to delegate tasks and schedule appointments.,0
Mental health counselor talks to client in order to provide therapy,0
Massage therapist talks to client in order to provide deep tissue and relaxation massages,0
Mortgage broker talks to client in order to secure a house loan,0
Physical therapist talks to client in order to create a personalized rehabilitation plan,0
Program manager talks to volunteers about various tasks.,0
Childcare provider talks to parents in order to discuss children's daily activities and progress,0
Voiceover artist talks to director in order to record and deliver voiceover performances,0
Podcaster talks to guest in order to conduct an interview,0
Building inspector talks to construction worker in order to assess building safety and code compliance,0
Adoption agency worker talks to prospective adoptive parents in order to provide adoption education and services,0
Personal shopper assistant talks to clients in order to suggest styling tips.,0
Salesperson talks to prospect in order to sell a product,0
Usher talks to theatergoer in order to assist with seating arrangements,0
Customer talks to jeweler in order to purchase or repair jewelry,0
Bartender talks to bouncer in order to assist with maintaining safety and order in a bar or club,0
Friend talks to friend in order to plan a weekend outing.,0
Event planner talks to client in order to coordinate and plan events,0
Firefighter talks to dispatcher to receive assignment,0
Retail worker talks to supervisor in order to report inventory levels.,0
TV show contestant talks to host in order to participate in a game show,0
Psychologist talks to researcher in order to assist with research and studies on human behavior and mental health issues,0
Employee talks to librarian in order to find specific resources.,0
Developer talks to stakeholder in order to plan and execute software projects,0
DJ talks to event coordinator in order to provide music and entertainment services,0
Veterinarian talks to pet owner in order to provide treatment for a sick or injured pet,0
Museum curator talks to donor in order to request a donation of artifacts,0
Surveyor talks to construction worker in order to analyze building plans,0
Manager talks to director to report on team performance,0
Homeowner talks to pool cleaner in order to clean backyard pool.,0
Customer talks to bank representative in order to apply for a loan,0
Producer talks to director in order to plan production details,0
Lawyer talks to court reporter in order to review a deposition transcript,0
Shopper talks to sales associate in order to ask about product information.,0
Customer talks to tire shop technician in order to replace a tire.,0
Lawyer talks to paralegal about a legal case.,0
Speech pathologist talks to patient in order to assist with speech therapy,0
Speaker talks to organizer in order to adjust speech timing or content.,0
Founder talks to investor in order to get funding for a start-up,0
Immigration officer talks to traveler to check their documents,0
Vlogger talks to their audience in order to create a video.,0
Traveler talks to ticket agent in order to book a flight.,0
Park employee talks to visitor in order to provide directions,0
Detective talks to witness in order to gather evidence.,0
College student talks to career services advisor in order to plan for post-graduation employment,0
Patient talks to nurse in order to receive medical attention.,0
Business owner talks to lawyer in order to discuss legal options.,0
Friend talks to friend in order to recommend a favorite restaurant or movie,0
Parent talks to pediatrician in order to schedule a check-up.,0
Electrician talks to contractor in order to arrange work on a construction site,0
Supply chain manager talks to supplier in order to negotiate pricing,0
Personal stylist talks to client in order to create a wardrobe that meets their personal style.,0
Fashion designer talks to seamstress in order to create a garment,0
Child talks to friend in order to make plans for the weekend.,0
Designer talks to client in order to design and create custom clothing or decor,0
Personal trainer talks to client in order to create a workout plan,0
Customer talks to waiter in order to place their order.,0
Caller talks to operator in order to get assistance.,0
Pet groomer talks to pet owner in order to understand how they want their pet groomed.,0
Public relations specialist talks to journalist in order to pitch a story or press release.,0
Event decorator talks to event planner in order to create design plans,0
Athlete talks to nutritionist in order to plan their diet.,0
Teacher talks to technology specialist about incorporating technology in the classroom.,0
Police officer talks to witness in order to gather information about a crime,0
Artist talks to gallery owner in order to display their work.,0
Passenger talks to flight attendant in order to get help fastening their seatbelt.,0
Catholic priest talks to parishioners in order to lead confession.,0
Petroleum engineer talks to drilling engineer in order to plan and execute oil and gas drilling projects,0
Musician talks to manager in order to schedule a performance.,0
Presenter talks to audio technician in order to test the sound system before a conference,0
College student talks to roommate in order to discuss living arrangements.,0
Social media influencer talks to brand representative in order to collaborate on social media marketing campaigns,0
Fashion designer talks to model in order to fit their garment to their body.,0
Owner talks to employee in order to discuss business strategy.,0
Physical education teacher talks to student in order to teach a sport,0
Friend talks to friend to ask for recommendations for a new accountant,0
Manager talks to HR representative in order to review job applications,0
Ornithologist talks to colleague about bird migrations,0
Employee talks to HR in order to report discrimination in the workplace.,0
Job supervisor talks to employee in order to give feedback,0
Parent talks to social worker in order to get resources for family support.,0
Social media manager talks to client in order to coordinate social media content and strategies.,0
Host talks to decorator in order to plan the decor for a party.,0
Patient talks to medical technician in order to have blood drawn.,0
Journalist talks to editor in order to submit an article for publication,0
Group leader talks to group members in order to delegate tasks.,0
Emergency responder talks to dispatcher in order to receive instructions,0
Patient talks to nurse in order to report side effects of medication.,0
Social worker talks to client in order to assess their needs and offer assistance,0
Wedding videographer talks to bride and groom in order to film a wedding,0
Pilot talks to co-pilot in order to fly the plane.,0
HR manager talks to team member in order to discuss employee benefits and policies.,0
Product manager talks to engineer in order to develop a software product,0
Banker talks to mortgage underwriter in order to secure home loan,0
Traveler talks to hotel receptionist in order to check into their room.,0
Patient talks to allergist in order to receive treatment for allergies.,0
Gardening blogger talks to subscribers in order to provide gardening tips,0
Marketing specialist talks to client in order to develop marketing strategies and campaigns,0
Coach talks to assistant coach in order to plan and coordinate team practices and games.,0
Sales representative talks to clients in order to schedule meetings.,0
Comedian talks to event planner in order to discuss comedy act material,0
Principal talks to teacher in order to provide feedback on their performance,0
Family talks to doctor in order to discuss a family member's health condition,0
Paramedic talks to EMT in order to provide emergency medical care and transport services,0
Retail manager talks to an assistant manager regarding store operations.,0
"Actor talks to agent in order to secure roles in TV, film, and theater productions",0
Web content writer talks to editor in order to review article content,0
Tour manager talks to band members in order to plan and execute concert tours,0
Volunteer talks to elderly person in order to assist with shopping.,0
Umpire talks to coach in order to clarify a rule in a game.,0
Coder talks to programmer in order to collaborate on coding projects,0
Customer talks to interior designer in order to plan a home renovation,0
Artist talks to curator in order to display their work,0
Customer talks to supervisor to escalate a complaint,0
Customer talks to technician in order to install new computer software.,0
Housekeeper talks to host in order to discuss cleaning preferences,0
Paramedic talks to patient in order to administer medical treatment.,0
Wedding planner talks to caterer in order to create a catering plan for a wedding.,0
Individual talks to clergy in order to receive spiritual guidance.,0
Customer talks to support representative in order to get help with an online account.,0
Patient talks to optometrist in order to receive vision treatment.,0
New employee talks to trainer in order to learn company procedures.,0
Customs officer talks to traveler in order to process international travel documentation,0
Hair stylist talks to salon owner in order to discuss business strategy,0
Host talks to restaurant server in order to coordinate seating arrangements,0
Brand ambassador talks to customers in order to promote a brand.,0
Prospect talks to real estate agent in order to learn about available properties.,0
Event coordinator talks to venue manager in order to coordinate an event,0
Event organizer talks to security personnel in order to ensure safety at an event,0
Parent talks to child in order to give them instructions for the day.,0
Homeowner talks to carpenter in order to build a custom piece of furniture,0
Caregiver talks to elderly client in order to provide companionship,0
Pastor talks to congregant in order to offer spiritual guidance,0
Pilot talks to co-pilot to perform a checklist,0
Art director talks to team members in order to plan and execute creative projects,0
Interpreter talks to hearing-impaired individual in order to provide sign language translation,0
Social media manager talks to followers in order to promote a brand.,0
Philanthropist talks to charity founder in order to donate money,0
Employee talks to travel manager about a business trip.,0
Friend talks to friend in order to vent about a bad day at work.,0
Pastor talks to church board in order to provide updates on church activity,0
Customer talks to technician in order to troubleshoot an issue with their device.,0
Literary agent talks to author in order to represent their work,0
Grant writer talks to foundation in order to secure funding.,0
Customer support specialist talks to higher-level support specialist in order to resolve customer issues.,0
Software tester talks to developer in order to test and report bugs and issues in software development,0
Husband talks to wife in order to plan a vacation,0
Climate scientist talks to fellow researchers in order to study and model climate patterns,0
Employee talks to HR representative in order to request a temporary job transfer.,0
Job applicant talks to hiring manager in order to prepare for an interview.,0
Biologist talks to lab assistant in order to conduct experiments.,0
Intellectual property lawyer talks to client in order to provide legal counsel and representation for copyright and trademark issues.,0
Musician talks to a publicist about album promotion.,0
Student talks to financial aid counselor in order to receive funding for college.,0
Mover talks to homeowner in order to move furniture,0
Video editor talks to client in order to edit and produce video content,0
Quality control inspector talks to line worker in order to assess product quality,0
Pets blogger talks to subscribers in order to provide information about pets,0
Presenter talks to event planner in order to prepare for a conference.,0
Special education teacher talks to educational psychologist in order to develop an IEP for a student,0
Non-profit organization talks to grant writer in order to secure funding,0
Producer talks to crew in order to coordinate a film shoot,0
Minister talks to couple in order to perform a wedding ceremony.,0
PR representative talks to influencer in order to secure social media exposure.,0
Lawyer talks to client in order to discuss their case,0
Researcher talks to survey respondent in order to collect data,0
Business owner talks to marketing consultant in order to receive advice on brand strategy,0
Actor talks to wardrobe to choose a costume,0
Pedestrian talks to crossing guard in order to cross the street safely,0
Chef talks to waiter in order to ensure quality of food for customers,0
Friend talks to friend in order to offer congratulations.,0
Caretaker talks to elderly patient in order to administer medication.,0
Employee talks to manager in order to negotiate their contract.,0
Real estate agent talks to home seller in order to list a property on the market,0
Scientist talks to research subject in order to conduct experiments,0
Partner talks to significant other in order to plan date night.,0
Park ranger talks to visitor in order to provide park regulations and safety information.,0
Proofreader talks to author in order to check for grammatical errors and typos in writing,0
Hairdresser talks to coworker to discuss techniques,0
Customer talks to association representative in order to renew membership.,0
Aerospace engineer talks to flight crew in order to design and produce aerospace technology and equipment,0
Documentary filmmaker talks to interviewee in order to gather information.,0
Coworker talks to team leader in order to get advice for a difficult decision.,0
Yoga instructor talks to student in order to teach them yoga,0
Dog trainer talks to client in order to teach and train dogs in obedience and agility,0
Salesperson talks to manager in order to receive training,0
Writer talks to editor in order to receive feedback on a manuscript,0
Photographer talks to editor to discuss image selection,0
News anchor talks to co-anchor in order to report and deliver news stories,0
Shopper talks to app developer in order to understand new app functionality.,0
Caterer talks to client in order to plan a catering event,0
Administrator talks to employee in order to provide constructive feedback.,0
Receptionist talks to colleague in order to transfer a phone call,0
Farm owner talks to farmhand in order to manage operations.,0
Financial planner talks to client in order to assist with retirement planning,0
Interior decorator talks to homeowner in order to design a room,0
Software engineer talks to team member in order to coordinate technical work.,0
Professional gamer talks to fans in order to provide tips for a game.,0
Marketing manager talks to designer in order to create advertising materials,0
Election official talks to voter in order to check their registration.,0
Parent talks to tutor in order to arrange private academic resources for their child,0
Talent agent talks to client in order to arrange and book entertainment gigs,0
Politician talks to advisor in order to make decisions on legislation.,0
Lawn care professional talks to customer in order to provide a quote for lawn maintenance.,0
Environmental scientist talks to community members in order to research and address environmental concerns,0
Retail sales associate talks to customer in order to assist with an item purchase,0
Police officer talks to civilian in order to address a situation,0
Marketing manager talks to copywriter in order to develop marketing materials,0
Speech therapist talks to client in order to improve their communication skills,0
Concert promoter talks to artist in order to schedule a performance,0
Visitor talks to museum guide in order to learn about exhibits,0
Trainer talks to trainee in order to teach them how to use equipment.,0
Golf coach talks to parent in order to give updates on a child's progress,0
Runner talks to running partner in order to set pace,0
Personal assistant talks to employer in order to schedule appointments,0
Athlete talks to sports psychologist in order to improve mental performance.,0
Reader talks to fellow book club member in order to discuss novel.,0
Industrial designer talks to client in order to obtain design requirements.,0
Community organizer talks to resident in order to identify community needs,0
Health inspector talks to restaurant owner in order to inspect facility.,0
Call center representative talks to salesperson in order to generate leads,0
Event planner talks to decorator in order to choose table settings for a party.,0
Hairstylist talks to customer in order to schedule an appointment,0
Employee talks to co-worker in order to discuss job-related stress.,0
Student talks to librarian in order to find a research resource.,0
Public health official talks to community leaders in order to provide healthcare education and resources.,0
Coworker talks to supervisor in order to request a transfer to another department.,0
Customer talks to financial advisor in order to plan retirement,0
Farmer talks to customer in order to sell produce.,0
Boss talks to employee in order to give feedback on a project.,0
Percussionist talks to band director in order to learn their part,0
Friend talks to friend in order to remind them of an important date.,0
Dog trainer talks to owner in order to understand behavior issues.,0
Electrician talks to client in order to repair an electrical issue,0
Event planner talks to musicians in order to create a playlist,0
Casting agent talks to client in order to find them work,0
Dancer talks to choreographer in order to learn a routine,0
Cruise ship director talks to passenger in order to coordinate activities,0
Wedding photographer talks to bride and groom in order to take photos,0
Sports analyst talks to sports commentator in order to provide expert analysis and commentary on sporting events,0
Amusement park employee talks to customer in order to check their height for a ride,0
Web developer talks to project manager in order to discuss website design.,0
Parent talks to bus driver in order to ask about bus transportation for child.,0
Event planner talks to vendor in order to coordinate details for an event,0
Acupuncturist talks to patient in order to treat medical conditions.,0
CEO talks to COO in order to discuss company strategy,0
Blogger talks to readers in order to write a post.,0
Professor talks to student in order to give feedback on a paper,0
Manager talks to employee in order to discuss career development.,0
Scientist talks to a therapist in order to better communicate findings to the public,0
Wildlife biologist talks to park ranger in order to plan and execute conservation efforts and wildlife management strategies,0
Athlete talks to trainer in order to receive physical therapy.,0
Oil rig worker talks to colleagues in order to coordinate drilling and production operations,0
Hair stylist talks to hair salon owner in order to negotiate a booth rental agreement,0
Human resources manager talks to employees in order to handle personnel and staffing issues,0
Marine biologist talks to environmental activist in order to collaborate on ocean conservation efforts,0
Driver talks to mechanic in order to repair their car.,0
Event attendee talks to greeter in order to check-in to an event.,0
Talk show host talks to guest in order to discuss a topic of interest.,0
Host talks to caterer in order to prepare food for an event.,0
Public relations specialist talks to clients in order to create and execute PR strategies,0
Job seeker talks to employment agency in order to find a job.,0
Immigration officer talks to border patrol to coordinate patrols,0
Patron talks to bartender in order to order a drink.,0
Client talks to customer support in order to change account information.,0
Artist talks to model in order to create artwork.,0
Student talks to counselor in order to schedule classes.,0
Marketer talks to target audience in order to promote product,0
Plumber talks to client in order to repair a leak,0
Nurse talks to physician in order to report a patient's vital signs.,0
Box office attendant talks to patron in order to sell tickets.,0
Credit counselor talks to debtor in order to help them manage debt,0
Urban planner talks to city officials in order to plan and implement urban development and infrastructure projects,0
Marketer talks to media buyer in order to purchase advertising space,0
Pilot talks to mechanic to perform pre-flight checks,0
Volunteer talks to food bank user in order to give them food.,0
Art director talks to artist in order to design a piece of art,0
Farmer talks to supplier in order to order equipment and supplies.,0
Administrator talks to colleague in order to discuss work-related topics.,0
Administrator talks to board members in order to report organizational progress.,0
Playground monitor talks to student in order to ensure playground safety.,0
Photographer talks to client in order to schedule and arrange photo shoots,0
